{
  "hash": "36f379af",
  "configHash": "d1c3ea2b",
  "lockfileHash": "1404f668",
  "browserHash": "c521b1e5",
  "optimized": {
    "react/jsx-dev-runtime": {
      "src": "../../node_modules/react/jsx-dev-runtime.js",
      "file": "react_jsx-dev-runtime.js",
      "fileHash": "5825dfdd",
      "needsInterop": true
    },
    "react": {
      "src": "../../node_modules/react/index.js",
      "file": "react.js",
      "fileHash": "df0aa8d4",
      "needsInterop": true
    },
    "react-dom/client": {
      "src": "../../node_modules/react-dom/client.js",
      "file": "react-dom_client.js",
      "fileHash": "40a69603",
      "needsInterop": true
    },
    "react-router-dom": {
      "src": "../../node_modules/react-router-dom/dist/index.js",
      "file": "react-router-dom.js",
      "fileHash": "606da1e7",
      "needsInterop": false
    },
    "@heroui/system": {
      "src": "../../node_modules/@heroui/system/dist/index.mjs",
      "file": "@heroui_system.js",
      "fileHash": "9c5d280d",
      "needsInterop": false
    }
  },
  "chunks": {
    "chunk-QPG7G3M7": {
      "file": "chunk-QPG7G3M7.js"
    },
    "chunk-UTEJFLXC": {
      "file": "chunk-UTEJFLXC.js"
    }
  }
}